,,,,,,,,,,,,,,,,,,,,,,
Identifier ,Type,Contract number,Registration Doc ,Identifier for schedule,Make and Model ,Agreement Start Date ,Agreement term (months),Agreement end date ,Net Capital ,VAT on Acquisition ,RFL ,Capital Cost ,,Arrangement Fee,Finance Interest ,Initial Payment ,Monthly Installment , Final Payment  , Total Repayment , Check  ,,
HSBC 15,Motor Vehicle,300400,MT17 SUH ,MT17 SUH ,Renault Trafic SL27 Business Van,28 September 2021,36,28 September 2024,"£1,512.00",£302.40,,"£79,690.83",,£50.00,"£2,752.91","£16,602.26","£1,828.93",£0.00,"£82,443.74",£0.00,,
HSBC 2,Equipment,300400,-,Equipment,Hydro Power Unit 19D Water Lane,,,,"£18,712.68","£3,742.53",,,,,,,,,£0.00,"-£18,712.68",,
HSBC 2,Motor Vehicle,300400,ML68 LPV,ML68 LPV,Renault Trafic LL29 Sport Nav Van,,,,"£6,825.00","£1,365.00",,,,,,,,,£0.00,"-£6,825.00",,
HSBC 2,Equipment,300400,-,Equipment,Hydro Power Unit 19D Water Lane,,,,"£19,112.68","£3,822.53",,,,,,,,,£0.00,"-£19,112.68",,
HSBC 2,Equipment,300400,-,Equipment,Hydro Power Unit 19D Water Lane,,,,"£19,112.68","£3,822.54",,,,,,,,,£0.00,"-£19,112.68",,
HSBC 2,Motor Vehicle,300400,MT17 SJX,MT17 SJX,Renault Trafic SL27 Business Van,,,,"£1,134.00",£226.80,,,,,,,,,£0.00,"-£1,134.00",,
HSBC 22,Motor Vehicle,297162,YC21 OCL,YC21 OCL,Renault Energy 120 DCI Van,10 May 2021,48,28 September 2024,"£22,375.00","£4,475.00",£330.00,"£108,720.00",,£50.00,"£4,429.48","£22,441.00","£1,889.76",£0.00,"£113,149.48",£0.00,,
,Motor Vehicle,297162,YC21 OCG,YC21 OCG,Renault Energy Dci 120 Van,,,,"£22,375.00","£4,475.00",£330.00,,,,,,,,£0.00,-£330.00,,
,Motor Vehicle,297162,YE21 AGZ,YE21 AGZ,Renaukt Energy Dei 120 Van,,,,"£22,375.00","£4,475.00",£330.00,,,,,,,,£0.00,-£330.00,,
,Motor Vehicle,297162,YC21 OHO,YC21 OHO,Renault Energy Dei 120 Van,,,,"£22,375.00","£4,475.00",£330.00,,,,,,,,£0.00,,,
HSBC 6 ,Motor Vehicle,302839,YP71WRN,YP71WRN,Renault Trafic Sl28 DCi 170,10 December 2021,48,28 September 2024,"£27,278.00","£5,455.60",£330.00,"£100,336.80",,£50.00,"£5,396.83","£20,746.75","£1,770.56",£0.00,"£105,733.63",£0.00,,
,Motor Vehicle,302839,YP71WRG,YP71WRG,Renault Trafic SI28 DCi 170,,,,"£27,278.00","£5,455.60",£330.00,,,,,,,,£0.00,-£330.00,,
,Motor Vehicle,302839,YVP71RZM,YVP71RZM,Renault Trafic LL20 DCi 170,,,,"£28,233.00","£5,646.60",£330.00,,,,,,,,£0.00,,,
HSBC 10,Equipment,300961,-,Equipment,Hydro Power 3000psi Jet Vac System With MK2-11 Wincam Plus Pro,01 October 2021,30,28 September 2024,"£18,712.68","£3,742.54",,"£22,455.22",,£50.00,£648.36,"£4,678.17",£614.18,£0.00,"£23,103.57",-£0.01,,
HSBC 7,Motor Vehicle,301861,YE71DZX,YE71DZX,RENAULT TRAFIC LWB 30 2.0CI,18 December 2021,48,18 December 2025,"£27,278.00","£5,455.60",£330.00,"£196,353.58",,£50.00,"£10,296.86","£40,593.50","£3,459.52",£0.00,"£206,650.46",£0.00,,
HSBC 2,Motor Vehicle,301861,YP71EUN,YP71EUN,RENAULT TRAFIC LL30 ENERGY,,,,"£25,588.00","£5,117.59",£330.00,,,,,,,,£0.00,"-£25,918.00",,
HSBC 2,Motor Vehicle,301861,YE71DZZ,YE71DZZ,RENAULT TRAFIC LWB 30 2.0CI,,,,"£27,278.00","£5,455.60",£330.00,,,,,,,,£0.00,"-£27,608.00",,
HSBC 2,Motor Vehicle,301861,YE71EPZ,YE71EPZ,307996 RENAULT TRAFIC LWB 30 2.0DCI,,,,"£27,278.00","£5,455.59",£330.00,,,,,,,,£0.00,"-£27,608.00",,
HSBC 2,Motor Vehicle,301861,YE71ERJ,YE71ERJ,RENAULT TRAFIC LWB 30 2.0DCI,,,,"£27,278.00","£5,455.60",£330.00,,,,,,,,£0.00,"-£27,608.00",,
HSBC 2,Motor Vehicle,301861,YE71CLO,YE71CLO,RENAULT TRAFIC LWB 30 2.0DCI,,,,"£27,278.00","£5,455.60",£330.00,,,,,,,,£0.00,"-£27,608.00",,
HSBC 1,Motor Vehicle,309651,BT70XMO,BT70XMO,Peugeot Boxer PROFESSIONAL L3H2 2.2 BLUE,26 August 2022,48,26 August 2026,"£28,015.00","£5,603.00",£330.00,"£33,948.00",,£50.00,"£2,973.78","£8,404.50",£594.11, -   ," 36,921.78 ",£0.00,,
HSBC 5,Motor Vehicle,302840,YVP71 JUK,YVP71 JUK,Renault Trafic SL28 DCi 145,13 December 2021,48,13 December 2025,"£25,588.00","£5,117.60",£330.00,"£97,162.80",,£50.00,"£5,226.38","£20,085.50","£1,714.66",," 102,389.18 ",,,
,Motor Vehicle,302840,YP71 OHA,YP71 OHA,Renault Trafic LL30 DCi 170,,,,"£27,278.00","£5,455.60",£330.00,,,,,,,,,,,
,Motor Vehicle,302840,YP71 SMX,YP71 SMX,Renault Trafic LL30 DCi 170,,,,"£27,278.00","£5,455.60",£330.00,,,,,,, -   ,,£0.00,,
HSBC 8 -1,Motor Vehicle,301798,DU19 YTB,DU19 YTB,Vauxhall Astra Estate SRI Nav 1.4 Petrol 2019,16 November 2021,48,16 November 2025,"£20,500.00",£0.00,£0.00,"£20,500.00",,£50.00,"£1,134.68","£3,075.00",£386.66, -   ," 21,634.68 ",£0.00,,
HSBC 9,Motor Vehicle,300999,YR71UHA,YR71UHA,Renault Trafic LWB,18 October 2021,48,18 October 2025,"£25,528.00","£5,105.60",£330.00,"£164,076.00",,£50.00,"£7,209.25","£33,921.25","£2,861.75",," 171,285.25 ",,,
,Motor Vehicle,300999,YH71XYJ,YH71XYJ,Renault Trafic LWB,,,,"£27,218.00","£5,443.60",£330.00,,,,,,,,,,,
,Motor Vehicle,300999,YT71ZYF,YT71ZYF,Renault Trafic LWB,,,,"£27,218.00","£5,443.60",£330.00,,,,,,,,,,,
,Motor Vehicle,300999,YH71WNC,YH71WNC,Renault Trafic LWB,,,,"£27,218.00","£5,443.60",£330.00,,,,,,,,,,,
,Motor Vehicle,300999,YH71WND,YH71WND,Renault Trafic LWB,,,,"£28,173.00","£5,634.60",£330.00,,,,,,, -   ,,-£0.00,,
HSBC 16,Motor Vehicle,299817,YE21COF,YE21COF,Renault Trafic Crew LL30 Energy,"Sep 15, 2021",48,"Sep 15, 2025","£25,310.00","£5,062.00",£330.00,"£60,057.60",,£50.00,"£2,504.14","£12,407.50","£1,044.88",," 62,561.74 ",£0.00,,
,Motor Vehicle,299817,YO21BYK,YO21BYK,Renault Trafic Crew LL30 Energy,,,,"£24,188.00","£4,837.60",£330.00,,,,,,, -   ,,,,
HSBC 18,Motor Vehicle,299061,YC21JU.J,YC21JU.J,Renault Trafic SL28 Energy,20 July 2021,48,20 July 2025,"£22,560.00","£4,512.00",£330.00,"£109,608.00",,£50.00,"£4,592.40","£22,626.00","£1,907.80",," 114,200.40 ",£0.00,,
,Motor Vehicle,299061,YH21ZPU,YH21ZPU,Renault Trafic SL28 Energy,,,,"£22,560.00","£4,512.00",£330.00,,,,,,,,,,,
,Motor Vehicle,299061,YH21ZPL,YH21ZPL,Renault Trafic SL28 Energy,,,,"£22,560.00","£4,512.00",£330.00,,,,,,,,,,,
,Motor Vehicle,299061,YH21ZPW,YH21ZPW,Renault Trafic SL28 Energy,,,,"£22,560.00","£4,512.00",£330.00,,,,,,, -   ,,,,
,Motor Vehicle,298039,YC21 NZP,YC21 NZP,Renault Traffic SL28 Energy,17 June 2021,48,17 June 2025,"£22,375.00","£4,475.00",£330.00,"£109,020.00",,£50.00,"£4,514.54","£22,503.50","£1,896.48",," 113,534.54 ",,,
,Motor Vehicle,298039,YC21 NZR,YC21 NZR,Renault Traffic SL28 Energy,,,,"£22,375.00","£4,475.00",£330.00,,,,,,,,,,,
,Motor Vehicle,298039,YC21 NZM,YC21 NZM,Renault Traffic SL28 Energy,,,,"£22,500.00","£4,500.00",£330.00,,,,,,,,,,,
HSBC 20,Motor Vehicle,298039,YC21 NZO,YC21 NZO,Renault Traffic SL28 Energy,,,,"£22,500.00","£4,500.00",£330.00,,,,,,, -   ,,£0.00,,
HSBC 3,Motor Vehicle,303740,KS70 ORP,KS70 ORP,Audi Q7 S Line 55 TFSi e Quattro,03 March 2022,48,03 March 2026,"£57,500.00","£11,500.00",£480.00,"£69,480.00",,£50.00,"£5,232.00","£6,998.00","£1,411.75", -   ," 74,762.00 ",£0.00,,
HSBC 4,Motor Vehicle,302841,YF71EKO,YF71EKO,Renault TraficLL30 DCi 170 BLACK EDITION,13 January 2022,,13 January 2026,"£27,278.00","£5,455.60",£330.00,"£199,191.60",,£50.00,"£10,713.63","£41,184.75","£3,515.01",," 209,905.23 ",,,
,Motor Vehicle,302841,YP7 1MVA,YP7 1MVA,Renault Trafic SL28 Energy Sport Nav,,,,"£28,233.00","£5,646.60",£330.00,,,,,,,,,,,
,Motor Vehicle,302841,YE71FZL,YE71FZL,Renault Trafic LL30 Energy Black Edition,,,,"£27,278.00","£5,455.60",£330.00,,,,,,,,,,,
,Motor Vehicle,302841,YP71MUO,YP71MUO,Renault Trafic LL30 Energy Sport Nav,,,,"£27,733.00","£5,546.60",£330.00,,,,,,,,,,,
,Motor Vehicle,302841,YE710YW,YE710YW,Renault Trafic LWB Black Edition,,,,"£28,233.00","£5,646.60",£330.00,,,,,,,,,,,
,Motor Vehicle,302841,YP71SNJ,YP71SNJ,Renault Trafic SL28 Energy Sport Nav,,48,,"£25,588.00","£5,117.60",£330.00,,,,,,, -   ,,£0.00,,
HSBC 12,Motor Vehicle,301994,LB19YYR,LB19YYR,Vauxhall Astra Elite Auto Nav Turbo,16 November 2021,48,16 November 2025,"£20,250.00",£0.00,£0.00,"£20,250.00",,£50.00,"£1,137.90","£3,037.50",£382.30, -   ," 21,387.90 ",£0.00,,
HSBC 13,Motor Vehicle,301958,YG71UXE,YG71UXE,Renault Trafic SL28 Energy,15 November 2021,,15 November 2025,"£25,588.00","£5,117.60",£330.00,"£62,071.20",,£50.00,"£3,255.32","£12,827.00","£1,093.74",,,,,
,Motor Vehicle,301958,YK71ZTX,YK71ZTX,Renault Trafic SL28 Energy,,48,,"£25,588.00","£5,117.60",£330.00,,,,,,, -   ," 65,326.52 ",£0.00,,
HSBC 14,Motor Vehicle,301330,YC71GMY,YC71GMY,Renault Trafic 30 LWB,27 October 2021,,27 October 2025,"£27,218.00","£5,443.60",£330.00,"£162,528.00",,£50.00,"£8,211.07","£33,598.75","£2,857.09",,,,,
,Motor Vehicle,301330,YC71VRR,YC71VRR,Renaullt Trafic LL30 Energy 145 Sport Nav,,,,"£25,928.00","£5,185.60",£330.00,,,,,,,,,,,
,Motor Vehicle,301330,YC71HWR,YC71HWR,Renault Trafic SL28 Energy,,,,"£27,218.00","£5,443.60",£330.00,,,,,,,,,,,
,Motor Vehicle,301330,YC71USG,YC71USG,Renault Trafic LWB Sport Nav,,,,"£28,173.00","£5,634.60",£330.00,,,,,,,,,,,
,Motor Vehicle,301330,YC71SNF,YC71SNF,Renault Trafic LWB Sport Nav,,48,,"£25,528.00","£5,105.60",£330.00,,,,,,, -   ," 170,739.07 ",£0.00,,
HSBC 19,Motor Vehicle,298466,YC21MKD,YC21MKD,Renault Traffic Van,02 July 2021,,02 July 2025,"£22,500.00","£4,500.00",£330.00,"£109,320.00",,£50.00,"£4,524.72","£22,566.00","£1,901.64",,,,,
,Motor Vehicle,298466,YC21MKE,YC21MKE,Renault Traffic Van,,,,"£22,500.00","£4,500.00",£330.00,,,,,,,,,,,
,Motor Vehicle,298466,YC21 MKK,YC21 MKK,Renault Traffic Van,,,,"£22,500.00","£4,500.00",£330.00,,,,,,,,,,,
,Motor Vehicle,298466,YC21NZN,YC21NZN,Renault Traffic Van,,48,,"£22,500.00","£4,500.00",£330.00,,,,,,, -   ," 113,844.72 ",£0.00,,
HSBC 23,Motor Vehicle,295547,YB21WPN,YB21WPN,Renault Trafic SI28 DCi 145 Bus,07 April 2021,48,07 April 2025,"£23,125.00","£4,625.00",£320.00,"£28,070.00",,£50.00,"£1,135.73","£5,781.25",£488.01, -   ," 29,205.73 ",£0.00,,
HSBC 11,Equipment,301740,,Equipment,Roof Leak Detection Kits,16 November 2021,36,16 November 2024,"£3,249.90",£649.98,£0.00,"£58,498.20",,£50.00,"£2,408.46","£12,187.13","£1,353.32",,,,,
,Equipment,301740,,Equipment,Roof Leak Detection Kits,,,,"£3,249.90",£649.98,£0.00,,,,,,,,,,,
,Equipment,301740,,Equipment,Roof Leak Detection Kits,,,,"£3,249.90",£649.98,£0.00,,,,,,,,,,,
,Equipment,301740,,Equipment,Roof Leak Detection Kits,,,,"£3,249.90",£649.98,£0.00,,,,,,,,,,,
,Equipment,301740,,Equipment,Roof Leak Detection Kits,,,,"£3,249.90",£649.98,£0.00,,,,,,,,,,,
,Equipment,301740,,Equipment,Roof Leak Detection Kits,,,,"£3,249.90",£649.98,£0.00,,,,,,,,,,,
,Equipment,301740,,Equipment,Roof Leak Detection Kits,,,,"£3,249.90",£649.98,£0.00,,,,,,,,,,,
,Equipment,301740,,Equipment,Roof Leak Detection Kits,,,,"£3,249.90",£649.98,£0.00,,,,,,,,,,,
,Equipment,301740,,Equipment,Roof Leak Detection Kits,,,,"£3,249.90",£649.98,£0.00,,,,,,,,,,,
,Equipment,301740,,Equipment,Roof Leak Detection Kits,,,,"£3,249.90",£649.98,£0.00,,,,,,,,,,,
,Equipment,301740,,Equipment,Roof Leak Detection Kits,,,,"£3,249.90",£649.98,£0.00,,,,,,,,,,,
,Equipment,301740,,Equipment,Roof Leak Detection Kits,,,,"£3,249.90",£649.98,£0.00,,,,,,,,,,,
,Equipment,301740,,Equipment,Roof Leak Detection Kits,,,,"£3,249.90",£649.98,£0.00,,,,,,,,,,,
,Equipment,301740,,Equipment,Roof Leak Detection Kits,,,,"£3,249.90",£649.98,£0.00,,,,,,,,,,,
,Equipment,301740,,Equipment,Roof Leak Detection Kits,,,,"£3,249.90",£649.98,£0.00,,,,,,, -   ," 60,906.65 ",-£0.01,16,-16
HSBC 17,Equipment,299558,,Equipment,Air Moving & Drying Equipment,15 October 2021,36,15 October 2024,"£33,918.84","£6,783.77",£0.00,"£40,702.61",,£50.00,"£1,347.82","£8,479.70",£932.52, -   ," 42,050.42 ",-0.01 ,15,21
HSBC 27,Motor Vehicle,283425,EO69FZT,EO69FZT,Audi e Tron,"Sep 25, 2019",48,"Sep 25, 2023","£62,037.50","£12,407.50",£55.00,"£74,500.00",,£50.00,"£5,815.20","£7,450.00","£1,052.40"," 22,350.00 "," 80,315.20 ", 0.00 ,,
HSBC 25,Equipment,291576,,Equipment,Leak Detection Equipment,16 October 2020,36,16 October 2023,"£81,085.70","£16,217.14",£0.00,"£97,302.84",,£50.00,"£3,036.87","£24,325.71","£2,111.50", -   ," 100,339.71 ",-0.00 ,0,36
HSBC 24,Equipment,293477,,Equipment,Leak Detection Equipment,04 March 2021,36,04 March 2024,"£190,316.65","£38,063.33",£0.00,"£228,379.98",,£150.00,"£7,020.50","£57,095.00","£4,952.93", -   ," 235,400.48 ", 0.00 ,8,28
HSBC 26,Motor Vehicle,286738,BN20W,BN20W,Nissan Navara Tekna DC190 Manual,16 March 2020,48,16 March 2024,"£29,090.00","£5,818.00",£315.00,"£35,223.00",,£50.00,"£1,648.80","£8,727.00",£586.35, -   ," 36,871.80 ", 0.00 ,,
HSBC 28,Motor Vehicle,282958,YC19EPT,YC19EPT,Renault Traffic Van,25 September 2019,48,25 September 2023,"£18,780.00","£3,756.00",£315.00,"£114,255.00",,£50.00,"£5,832.99","£23,553.75","£2,011.13",," 120,087.99 ",,,
,Motor Vehicle,282958,YC19ERD,YC19ERD,Renault Traffic Van,,,,"£18,780.00","£3,756.00",£315.00,,,,,,,,,,,
,Motor Vehicle,282958,YC19ERF,YC19ERF,Renault Traffic Van,,,,"£18,780.00","£3,756.00",£315.00,,,,,,,,,,,
,Motor Vehicle,282958,YC19 ERR,YC19 ERR,Renault Traffic Van,,,,"£18,780.00","£3,756.00",£315.00,,,,,,,,,,,
,Motor Vehicle,282958,YC19EPR,YC19EPR,Renault Traffic Van,,,,"£18,780.00","£3,756.00",£315.00,,,,,,, -   ,, -   ,,
,Motor Vehicle,282959,YC19EMY,YC19EMY,Renault Traffic SL27 Dei 120,01 March 2020,48,01 March 2024,"£18,780.00","£3,756.00",£315.00,"£114,255.00",,£50.00,"£5,832.99","£23,553.75","£2,011.13",," 120,087.99 ",,,
,Motor Vehicle,282959,YC19EPB,YC19EPB,Renault Traffic SL27 Dei 120,,,,"£18,780.00","£3,756.00",£315.00,,,,,,,,,,,
,Motor Vehicle,282959,YC19ESP,YC19ESP,Renault Traffic SL27 Dei 120,,,,"£18,780.00","£3,756.00",£315.00,,,,,,,,,,,
,Motor Vehicle,282959,YC19ESR,YC19ESR,Renault Traffic SL27 Dei 120,,,,"£18,780.00","£3,756.00",£315.00,,,,,,,,,,,
HSBC 29,Motor Vehicle,282959,YC19ESS,YC19ESS,Renault Traffic SL27 Dei 120,,,,"£18,780.00","£3,756.00",£315.00,,,,,,, -   ,, -   ,,
,Motor Vehicle,282241,YC19ENB,YC19ENB,Renault Traffic Sl27 120Dci,01 March 2020,48,01 March 2024,"£18,780.00","£3,756.00",£315.00,"£114,255.00",,£50.00,"£5,855.55","£23,553.75","£2,011.60",," 120,110.55 ",,,
,Motor Vehicle,282241,YC19EPH,YC19EPH,Renault Traffic Sl27 120Dci,,,,"£18,780.00","£3,756.00",£315.00,,,,,,,,,,,
,Motor Vehicle,282241,YC19ESK,YC19ESK,Renault Traffic Sl27 120Dci,,,,"£18,780.00","£3,756.00",£315.00,,,,,,,,,,,
,Motor Vehicle,282241,YC19EST,YC19EST,Renault Traffic Sl27 120Dci,,,,"£18,780.00","£3,756.00",£315.00,,,,,,,,,,,
HSBC 30,Motor Vehicle,282241,YC19ESZ,YC19ESZ,Renault Traffic Sl27 120Dci,,,,"£18,780.00","£3,756.00",£315.00,,,,,,, -   ,,-0.00 ,,
,Motor Vehicle,297339,YC21NZK,YC21NZK,Renault Energy 120 Dei Van,25 May 2021,48,25 May 2025,"£22,375.00","£4,475.00",£330.00,"£108,720.00",,£50.00,"£4,431.40","£22,441.00","£1,889.80",," 113,151.40 ",,,
,Motor Vehicle,297339,YC210CH,YC210CH,Renault Energy 120 Dei Van,,,,"£22,375.00","£4,475.00",£330.00,,,,,,,,,,,
,Motor Vehicle,297339,YC210CJ,YC210CJ,Renault Energy 120 Dei Van,,,,"£22,375.00","£4,475.00",£330.00,,,,,,,,,,,
HSBC 21,Motor Vehicle,297339,YC210CF,YC210CF,Renault Energy 120 Dei Van,,,,"£22,375.00","£4,475.00",£330.00,,,,,,, -   ,, -   ,,
,Equipment,309163,332844,Equipment,Hydro Power Jetting Unit,10 September 2022,,01 April 2024,"£17,871.24"," 3,574.25 ",£0.00,"£42,890.98",,£50.00,"£1,698.46","£8,908.62","£1,784.04",," 35,680.80 ",,9,
,Equipment,309163,332845,Equipment,Hydro Power Jetting Unit,10 September 2022,20,01 April 2024,"£17,871.24"," 3,574.25 ",£0.00,,,,,,,,,£0.02,9,11
,Motor Vehicle,309330,LJ22 EXF,LJ22 EXF,Rioned Riocom 7.5t Jetvac,26 October 2022,60,26 October 2027,"£117,995.00"," 23,599.00 ",,"£141,594.00",,£50.00,"£15,429.90","£35,398.50","£2,027.09", -   ," 157,023.90 ",£0.00,,
,Motor Vehicle,312012,BK21EVV,BK21EVV,Peugeot Expert L2H1 Van 332,19 November 2022,48,19 November 2026,"£26,766.41"," 5,353.28 ",,"£32,119.69","£191,368.15",£50.00,"£24,530.63","£39,868.37","£3,667.30",," 215,898.77 ",-£0.01,,
,Motor Vehicle,312012,BK21KDO,BK21KDO,Peugeot Expert L2H1 Van 334,,,,"£26,566.41"," 5,313.28 ",,"£31,879.69",,,,,,,,,,
,Motor Vehicle,312012,BK21EUV,BK21EUV,Peugeot Expert L2H1 Van 333,,,,"£26,366.41"," 5,273.28 ",,"£31,639.69",,,,,,,,,,
,Motor Vehicle,312012,BK21EBF,BK21EBF,Peugeot Expert L2H1 Van 335,,,,"£26,566.41"," 5,313.28 ",,"£31,879.69",,,,,,,,,,
,Motor Vehicle,312012,BK21DZO,BK21DZO,Peugeot Expert L2H1 Van 337,,,,"£26,766.41"," 5,353.28 ",,"£32,119.69",,,,,,,,,,
,Motor Vehicle,312012,BK21XFR,BK21XFR,Peugeot Expert L2H1 Van 336,,,,"£26,441.41"," 5,288.28 ",,"£31,729.69",,,,,,,,,,
,Motor Vehicle,313703,LB22 AYU,LB22 AYU,Renault Traffic LL30 Sport Blue DC Van with Hydro Power Supplies,20 January 2023,48,20 January 2027,"£51,256.28"," 10,251.26 ",£0.00,"£61,507.54","£246,030.14",£50.00,"£29,370.80","£51,256.28","£4,669.68", -   ," 275,400.92 ",-£0.02,,
,Motor Vehicle,313703,LF72 EPD,LF72 EPD,Renault Traffic LL30 Sport Blue DC Van with Hydro Power Supplies,,,,"£51,256.28"," 10,251.26 ",£0.00,"£61,507.54",,,,,,,,,,
,Motor Vehicle,313703,LA22 JBX,LA22 JBX,Renault Traffic LL30 Sport Blue DC Van with Hydro Power Supplies,,,,"£51,256.28"," 10,251.26 ",£0.00,"£61,507.54",,,,,,,,,,
,Motor Vehicle,313703,LB71 XGS,LB71 XGS,Renault Traffic LL30 Sport Blue DC Van with Hydro Power Supplies,,,,"£51,256.28"," 10,251.26 ",£0.00,"£61,507.54",,,,,,,,,,
,Motor Vehicle,313693,YF72 PNZ,YF72 PNZ,Renault traffic SL28 DCI 130 Bus,19 January 2023,48,19 January 2027,"£26,486.00"," 5,297.20 ",£345.00,"£32,128.20","£128,512.80",£50.00,"£15,375.32","£26,555.00","£2,444.44", -   ," 143,888.12 ",£0.00,,
,Motor Vehicle,313693,YF72 PSX,YF72 PSX,Renault traffic SL28 DCI 130 Bus,,,,"£26,486.00"," 5,297.20 ",£345.00,"£32,128.20",,,,,,,,,,
,Motor Vehicle,313693,YF72 PSZ,YF72 PSZ,Renault traffic SL28 DCI 130 Bus,,,,"£26,486.00"," 5,297.20 ",£345.00,"£32,128.20",,,,,,,,,,
,Motor Vehicle,313693,YF72 TTE,YF72 TTE,Renault traffic SL28 DCI 130 Bus,,,,"£26,486.00"," 5,297.20 ",£345.00,"£32,128.20",,,,,,,,,,
,Motor Vehicle,314668,YF72UAU,YF72UAU,TRAFIC SL28 DCI 130 BUS,01 February 2023,48,01 February 2027,"£26,486.00"," 5,297.20 ",£345.00,"£32,128.20","£128,512.80",£50.00,"£14,975.60","£27,866.00","£2,408.80", -   ," 143,488.40 ",£0.00,,
,Motor Vehicle,314668,YF72UFG,YF72UFG,TRAFIC SL28 DCI 130 BUS,01 February 2023,48,01 February 2027,"£26,486.00"," 5,297.20 ",£345.00,"£32,128.20",,,,,,,,,,
,Motor Vehicle,314668,YF72SBU,YF72SBU,TRAFIC SL28 DCI 130 BUS,01 February 2023,48,01 February 2027,"£26,486.00"," 5,297.20 ",£345.00,"£32,128.20",,,,,,,,,,
,Motor Vehicle,314668,YF72TTV,YF72TTV,TRAFIC SL28 DCI 130 BUS,01 February 2023,48,01 February 2027,"£26,486.00"," 5,297.20 ",£345.00,"£32,128.20","£188,565.00",,,,,,,,,
,Motor Vehicle,315318,YF72OVO,YF72OVO,RENAULT TRAFICLL3O DCI SPORT,15 February 2023,48,15 February 2027,"£31,140.00"," 6,228.00 ",£345.00,"£37,713.00",,£50.00,"£21,622.56","£38,925.00","£3,567.97",," 210,187.56 ",£0.00,,
,Motor Vehicle,315318,YE72KNF,YE72KNF,RENAULT TRAFIC LL3O DCI SPORT,15 February 2023,48,15 February 2027,"£31,140.00"," 6,228.00 ",£345.00,"£37,713.00",,,,,,,,,,
,Motor Vehicle,315318,YF72OVS,YF72OVS,RENAULT TRAFIC LL3O DCI SPORT,15 February 2023,48,15 February 2027,"£31,140.00"," 6,228.00 ",£345.00,"£37,713.00",,,,,,,,,,
,Motor Vehicle,315318,YF72OWV,YF72OWV,RENAULT TRAFIC LL3O DCI SPORT,15 February 2023,48,15 February 2027,"£31,140.00"," 6,228.00 ",£345.00,"£37,713.00",,,,,,,,,,
,Motor Vehicle,315318,YE72AHJ,YE72AHJ,RENAULT TRAFIC LL3O DCI SPORT,15 February 2023,48,15 February 2027,"£31,140.00"," 6,228.00 ",£345.00,"£37,713.00",,,,,,,,,,
,Motor Vehicle,315612,LJ72 BZM,LJ72 BZM,Mitsubishi Canter 7.5t Vacuum Tanker,15 February 2023,60,15 February 2028,"£132,160.00"," 26,432.00 ",,"£158,592.00","£158,592.00",,"£22,104.00","£39,648.00","£2,350.80", -   ," 180,696.00 ",£0.00,,
,Motor Vehicle,315800,YE72AHK,YE72AHK,RENAULT TRAFIC LL30 DCI SPORT VAN,21 February 2023,48,21 February 2027,"£31,140.00"," 6,228.00 ",£345.00,"£37,713.00","£188,565.00",,"£21,622.56","£38,925.00","£3,567.97", -   ," 210,187.56 ",£0.00,,
,Motor Vehicle,315800,YE72AHL,YE72AHL,RENAULT TRAFIC LL30 DCI SPORT VAN,21 February 2023,48,21 February 2027,"£31,140.00"," 6,228.00 ",£345.00,"£37,713.00",,,,,,,,,,
,Motor Vehicle,315800,YE72AHN,YE72AHN,RENAULT TRAFIC LL30 DCI SPORT VAN,21 February 2023,48,21 February 2027,"£31,140.00"," 6,228.00 ",£345.00,"£37,713.00",,,,,,,,,,
,Motor Vehicle,315800,YE72AHP,YE72AHP,RENAULT TRAFIC LL30 DCI SPORT VAN,21 February 2023,48,21 February 2027,"£31,140.00"," 6,228.00 ",£345.00,"£37,713.00",,,,,,,,,,
,Motor Vehicle,315800,YF72OWJ,YF72OWJ,RENAULT TRAFIC LL30 DCI SPORT VAN,21 February 2023,48,21 February 2027,"£31,140.00"," 6,228.00 ",£345.00,"£37,713.00",,,,,,,,,,
,Motor Vehicle,326046,CK24PHY,CK24PHY,AUDI A3,28 March 2024,48,27 March 2028,"£27,412.50"," 5,482.50 ",£55.00,"£32,950.00","£32,950.00",£100.00,"£4,867.08","£3,295.00",£719.21,," 37,817.08 ",£0.00,,
,Motor Vehicle,326868,DY24HZE,DY24HZE,NISSAN INTERSTAR F35,09 April 2024,48,08 April 2028,"£44,220.00"," 8,844.00 ",£375.00,"£53,439.00","£213,756.00",£200.00,"£25,325.52","£52,230.00","£3,892.74",," 239,081.52 ",£0.00,,
,Motor Vehicle,326868,DY24HZD,DY24HZD,NISSAN INTERSTAR F35,09 April 2024,48,08 April 2028,"£44,220.00"," 8,844.00 ",£375.00,"£53,439.00",,,,,,,,,,
,Motor Vehicle,326868,DY24HZC,DY24HZC,NISSAN INTERSTAR F35,09 April 2024,48,08 April 2028,"£44,220.00"," 8,844.00 ",£375.00,"£53,439.00",,,,,,,,,,
,Motor Vehicle,326868,DY24HZA,DY24HZA,NISSAN INTERSTAR F35,09 April 2024,48,08 April 2028,"£44,220.00"," 8,844.00 ",£375.00,"£53,439.00",,,,,,,,,,
,Motor Vehicle,323516,YB73RHX,YB73RHX,RENAULT TRAFIC LL30 DCI SPORT VAN,12 December 2023,60,11 December 2028,"£30,870.00","£6,174.00",£375.00,"£37,419.00","£110,178.00",£100.00,"£16,975.20"," 27,357.00 "," 1,663.27 ",," 127,153.20 ",£0.00,,
,Motor Vehicle,323516,HN73PFO,HN73PFO,HYUNDAI KONA HATCH CAR,12 December 2023,60,11 December 2028,"£29,450.00","£5,890.00",£0.00,"£35,340.00",,,,,,,,,,
,Motor Vehicle,323516,YB73PYO,YB73PYO,RENAULT TRAFIC LL30 DCI SPORT VAN,12 December 2023,60,11 December 2028,"£30,870.00","£6,174.00",£375.00,"£37,419.00",,,,,,,,,,
,Motor Vehicle,323274,YF73ETO,YF73ETO,NISSAN PRIMASTARS 30 L1H1 110 ACENTA,22 November 2023,60,21 November 2028,"£31,166.00","£6,233.20",£375.00,"£37,774.20","£188,871.00",£100.00,"£29,130.00"," 46,749.00 "," 2,854.20 ",," 218,001.00 ",£0.00,,
,Motor Vehicle,323274,YF23ETR,YF23ETR,NISSAN PRIMASTARS 30 L1H1 110 ACENTA,22 November 2023,60,21 November 2028,"£31,166.00","£6,233.20",£375.00,"£37,774.20",,,,,,,,,,
,Motor Vehicle,323274,YF73OYG,YF73OYG,NISSAN PRIMASTARS 30 L1H1 110 ACENTA,22 November 2023,60,21 November 2028,"£31,166.00","£6,233.20",£375.00,"£37,774.20",,,,,,,,,,
,Motor Vehicle,323274,YF73RVM,YF73RVM,NISSAN PRIMASTARS 30 L1H1 110 ACENTA,22 November 2023,60,21 November 2028,"£31,166.00","£6,233.20",£375.00,"£37,774.20",,,,,,,,,,
,Motor Vehicle,323274,YF73ZVS,YF73ZVS,NISSAN PRIMASTARS 30 L1H1 110 ACENTA,22 November 2023,60,21 November 2028,"£31,166.00","£6,233.20",£375.00,"£37,774.20",,,,,,,,,,
,Motor Vehicle,321393,HV73XZR,HV73XZR,HYUNDAI KONA HATCH CAR,09 October 2023,60,08 October 2028,"£29,450.00","£5,890.00",£55.00,"£35,395.00","£35,395.00",£100.00,"£5,877.20"," 8,835.00 ", 540.62 ,," 41,272.20 ",£0.00,,
,Motor Vehicle,322851,BD73DYO,BD73DYO,NISSAN TOWNSTAR,25 October 2023,60,24 October 2028,"£34,860.00","£6,972.00",£55.00,"£41,887.00","£41,887.00",£100.00,"£6,866.00"," 10,458.00 ", 638.25 ,," 48,753.00 ",£0.00,,
HSBC 31,Motor Vehicle,333520,YC74ZPK,YC74ZPK,RENAULT TRAFIC CREW  DCI ADVANCE,12 November 2024,48,11 November 2028,"£33,390.00","£6,678.00",£390.00,"£40,458.00","£80,916.00",£300.00,"£9,110.64"," 20,034.00 "," 1,458.18 ",," 90,026.64 ",£0.00,,
HSBC 31,Motor Vehicle,333520,YG74ZJZ,YG74ZJZ,RENAULT TRAFIC CREW  DCI ADVANCE,12 November 2024,48,11 November 2028,"£33,390.00","£6,678.00",£390.00,"£40,458.00",,,,,,,,,,
HSBC 32,Motor Vehicle,333953,YC74XAS,YC74XAS,RENAULT TRAFIC SL 30 BLUE DCI 130 ADVANCE,28 November 2024,48,27 November 2028,"£29,310.00","£5,862.00",£390.00,"£35,562.00","£142,248.00",£200.00,"£16,013.28"," 35,172.00 "," 2,564.36 ",," 158,261.28 ",£0.00,,
HSBC 32,Motor Vehicle,333953,YC74XDF,YC74XDF,RENAULT TRAFIC SL 30 BLUE DCI 130 ADVANCE,28 November 2024,48,27 November 2028,"£29,310.00","£5,862.00",£390.00,"£35,562.00",,,,,,,,,,
HSBC 32,Motor Vehicle,333953,YC74XMJ,YC74XMJ,RENAULT TRAFIC SL 30 BLUE DCI 130 ADVANCE,28 November 2024,48,27 November 2028,"£29,310.00","£5,862.00",£390.00,"£35,562.00",,,,,,,,,,
HSBC 32,Motor Vehicle,333953,YC74XMH,YC74XMH,RENAULT TRAFIC SL 30 BLUE DCI 130 ADVANCE,28 November 2024,48,27 November 2028,"£29,310.00","£5,862.00",£390.00,"£35,562.00",,,,,,,,,,
HSBC 33,Motor Vehicle,334237,YB24UVD,YB24UVD,CITROEN RELAY 62 H2,05 December 2024,48, 04/12/2028,"£40,645.00","£8,129.00",£390.00,"£49,164.00","£196,656.00",£250.00,"£21,882.48"," 50,334.00 "," 3,504.26 ",," 218,538.48 ",£0.00,,
HSBC 33,Motor Vehicle,334237,YB24UWV,YB24UWV,CITROEN RELAY 62 H2,05 December 2024,48, 04/12/2028,"£40,645.00","£8,129.00",£390.00,"£49,164.00",,,,,,,,,,
HSBC 33,Motor Vehicle,334237,YB24UTN,YB24UTN,CITROEN RELAY 62 H2,05 December 2024,48, 04/12/2028,"£40,645.00","£8,129.00",£390.00,"£49,164.00",,,,,,,,,,
HSBC 33,Motor Vehicle,334237,YB24UVG,YB24UVG,CITROEN RELAY 62 H2,05 December 2024,48, 04/12/2028,"£40,645.00","£8,129.00",£390.00,"£49,164.00",,,,,,,,,,
HSBC 34,Motor Vehicle,335424,MA74WXK,MA74WXK,RENAULT TRAFFIC LL30 EXTRA 150 EDC,07 March 2025,48,06 March 2029,"£37,500.00","£7,500.00",£390.00,"£45,390.00","£45,390.00",£0.00,"£5,083.20"," 11,250.00 ", 817.15 ,," 50,473.20 ", -   ,,
HSBC 35,Equipment,333959,,,"Variotec 460 - Tracer gas kit x14; Aquaphone A200x6, etc",17 February 2025,48,16 March 2029,"£135,346.00","£27,069.20",£0.00,"£162,415.20","£162,415.20",£200.00,"£20,686.20"," 40,603.80 "," 2,968.70 ",," 183,101.40 ",-0.00 ,,
HSBC 36,Motor Vehicle,338638,BF25XBN,BF25XBN,NISSAN TOWN ICE L1 ACE BEN MY24.5,01 May 2025,48,30 April 2029,"£21,510.00","£4,302.00",£400.00,"£26,212.00","£104,848.00",£250.00,"£11,096.96"," 25,812.00 "," 1,877.77 ",," 115,944.96 ",£0.00,,
HSBC 36,Motor Vehicle,338638,BF25XBP,BF25XBP,NISSAN TOWN ICE L1 ACE BEN MY24.5,01 May 2025,48,30 April 2029,"£21,510.00","£4,302.00",£400.00,"£26,212.00",,,,,,,,,,
HSBC 36,Motor Vehicle,338638,BF25XBS,BF25XBS,NISSAN TOWN ICE L1 ACE BEN MY24.5,01 May 2025,48,30 April 2029,"£21,510.00","£4,302.00",£400.00,"£26,212.00",,,,,,,,,,
HSBC 36,Motor Vehicle,338638,BF25XBW,BF25XBW,NISSAN TOWN ICE L1 ACE BEN MY24.5,01 May 2025,48,30 April 2029,"£21,510.00","£4,302.00",£400.00,"£26,212.00",,,,,,,,,,
HSBC 37,Motor Vehicle,338789,YA74OSO,YA74OSO,TRAFIC LI30 BLUE DCI 130 ADVANCE,07 May 2025,48,06 May 2029,"£43,415.00","£8,683.00",£390.00,"£52,488.00","£349,200.00",£300.00,"£36,904.32"," 86,520.00 "," 6,241.34 ",," 386,104.32 ",£0.00,,
HSBC 37,Motor Vehicle,338789,YA74XGR,YA74XGR,TRAFIC LI30 BLUE DCI 130 ADVANCE,07 May 2025,48,06 May 2029,"£43,415.00","£8,683.00",£390.00,"£52,488.00",,,,,,,,,,
HSBC 37,Motor Vehicle,338789,YAB74SNU,YAB74SNU,TRAFIC LI30 BLUE DCI 130 ADVANCE,07 May 2025,48,06 May 2029,"£33,595.00","£6,719.00",£390.00,"£40,704.00",,,,,,,,,,
HSBC 37,Motor Vehicle,338789,YB74SWW,YB74SWW,TRAFIC LI30 BLUE DCI 130 ADVANCE,07 May 2025,48,06 May 2029,"£33,595.00","£6,719.00",£390.00,"£40,704.00",,,,,,,,,,
HSBC 37,Motor Vehicle,338789,YG74UAB,YG74UAB,TRAFIC LI30 BLUE DCI 130 ADVANCE,07 May 2025,48,06 May 2029,"£33,595.00","£6,719.00",£390.00,"£40,704.00",,,,,,,,,,
HSBC 37,Motor Vehicle,338789,YB74STX,YB74STX,TRAFIC LI30 BLUE DCI 130 ADVANCE,07 May 2025,48,06 May 2029,"£33,595.00","£6,719.00",£390.00,"£40,704.00",,,,,,,,,,
HSBC 37,Motor Vehicle,338789,YB74SWZ,YB74SWZ,TRAFIC LI30 BLUE DCI 130 ADVANCE,07 May 2025,48,06 May 2029,"£33,595.00","£6,719.00",£390.00,"£40,704.00",,,,,,,,,,
HSBC 37,Motor Vehicle,338789,YB74XHM,YB74XHM,TRAFIC LI30 BLUE DCI 130 ADVANCE,07 May 2025,48,06 May 2029,"£33,595.00","£6,719.00",£390.00,"£40,704.00",,,,,,,,,,
HSBC 38,Motor Vehicle,340004,KR25GXN,KR25GXN,RENAULY TRAFFIC LL30 BLUE DCI 130 ADVANCE,12 June 2025,48,11 June 2029,"£31,665.00","£6,333.00",£400.00,"£38,398.00","£153,592.00",£250.00,"£16,323.44"," 37,998.00 "," 2,748.28 ",," 169,915.44 ",£0.00,,
HSBC 38,Motor Vehicle,340004,KR25LDJ,KR25LDJ,RENAULY TRAFFIC LL30 BLUE DCI 130 ADVANCE,12 June 2025,48,11 June 2029,"£31,665.00","£6,333.00",£400.00,"£38,398.00",,,,,,,,,,
HSBC 38,Motor Vehicle,340004,KR25GCZ,KR25GCZ,RENAULY TRAFFIC LL30 BLUE DCI 130 ADVANCE,12 June 2025,48,11 June 2029,"£31,665.00","£6,333.00",£400.00,"£38,398.00",,,,,,,,,,
HSBC 38,Motor Vehicle,340004,KR25GLJ,KR25GLJ,RENAULY TRAFFIC LL30 BLUE DCI 130 ADVANCE,12 June 2025,48,11 June 2029,"£31,665.00","£6,333.00",£400.00,"£38,398.00",,,,,,,,,,
